title,upc,sku,price,condition,quantity
"Anemone Pouch, Khaki",8.47E+11,MOMX2302K,25.19,new,10
Pro-Balance Knife Block- Silver,4.90E+12,MOPB00-02-764-SV,72.53,damaged,51
5.11 Professional Pocket Tee Shirt Fire Navy Extra Large,8.45E+11,MO71307-720-XL,22,new,55
"Anemone Pouch, OD Green",8.47E+11,MOMX2302G,25.19,damaged,41
5.11 GSA Tactical Pant Black 32 x 36,8.45E+11,MO74252-019-3236,49.99,used,31
Wind Resistant Glove Black/Gray XXL,7.82E+11,MOMCW-WR-012,25.32,used,23
"Anemone Pouch, Foliage Green",8.47E+11,MOMX2302F,25.19,new,51
Gray Dusk Plain,41689283780,MOZI28378,16.37,new,71
Wind Resistant Glove Black/Gray XL,7.82E+11,MOMCW-WR-011,25.32,new,99
5.11 EVO 6 in. WP Side Zip Boot Black 7.5 W,8.89E+11,MO12313-019-75W,139.99,damaged,5
5.11 GSA Tactical Pant Black 32 x 34,8.45E+11,MO74252-019-3234,49.99,used,4
Wind Resistant Glove Black/Gray Large,7.82E+11,MOMCW-WR-010,25.32,used,6
5.11 GSA Tactical Pant Black 32 x 32,8.45E+11,MO74252-019-3232,49.99,new,81
"Anemone Pouch, Black",8.47E+11,MOMX2302B,25.19,damaged,9
5.11 GSA Tactical Pant Black 32 x 30,8.45E+11,MO74252-019-3230,49.99,used,33
5.11 EVO 6 in. WP Side Zip Boot Black 7.5 R,8.89E+11,MO12313-019-75R,139.99,new,35
5.11 Large Drop Pouch Storm,8.45E+11,MO58703-092,24.99,new,61
MAA Messer Rosewood Handle Black Blade w/Scabbard,7.05E+11,MO88GMSSM,224,new,63
MAA Lance Point Spear with Ash Wood Handle 80 in,7.05E+11,MO95MLP,60.5,used,66
"Anemone Pouch, Khaki",8.47E+11,MOMX2302K,25.19,new,10
